{
    "position_mm": {
        "x": 10.012610671083124,
        "y": 32.48518996128634,
        "z": 303.2184195472812
    },
    "orientation_deg": {
        "roll": -5.158765110468473,
        "pitch": -4.706568654252252,
        "yaw": 4.725624253468244
    }
}