{
    "position_mm": {
        "x": 10.221379202822567,
        "y": 39.42103942285181,
        "z": 286.6343527538606
    },
    "orientation_deg": {
        "roll": -0.9011736204453218,
        "pitch": 0.2596953421277535,
        "yaw": -0.2597274672403964
    }
}