{
    "position_mm": {
        "x": 12.981718504185212,
        "y": 35.67897813709032,
        "z": 290.87053075048595
    },
    "orientation_deg": {
        "roll": -5.243380334734037,
        "pitch": -0.37048148763492533,
        "yaw": 0.3720382409359931
    }
}