{
    "position_mm": {
        "x": 50.80207224311059,
        "y": 10.23377597726865,
        "z": 379.9514211886326
    },
    "orientation_deg": {
        "roll": 5.010248992931474,
        "pitch": 2.0264605216816487,
        "yaw": -2.0342266220196867
    }
}