{
    "position_mm": {
        "x": -2.821580047773355,
        "y": 47.67974273584174,
        "z": 289.26026627218937
    },
    "orientation_deg": {
        "roll": -4.807735679705805,
        "pitch": 0.30106256047380014,
        "yaw": -0.30212555375276573
    }
}