{
    "position_mm": {
        "x": -0.787404320448751,
        "y": 41.86377351426529,
        "z": 294.69139599067194
    },
    "orientation_deg": {
        "roll": -2.655810050297992,
        "pitch": 0.1254724467759176,
        "yaw": -0.1256073600549212
    }
}