{
    "position_mm": {
        "x": 16.62399748825218,
        "y": 34.912166904998216,
        "z": 298.8409411483112
    },
    "orientation_deg": {
        "roll": -5.688183365434371,
        "pitch": 0.06285122070256337,
        "yaw": -0.0631622292212488
    }
}