{
    "position_mm": {
        "x": 8.789772974438534,
        "y": 35.146374300491495,
        "z": 289.57718795428656
    },
    "orientation_deg": {
        "roll": -3.5514226456346805,
        "pitch": 0.09724326972900028,
        "yaw": -0.09743037410390966
    }
}