{
    "position_mm": {
        "x": 11.429206749699462,
        "y": 33.754416514867124,
        "z": 296.0637415283592
    },
    "orientation_deg": {
        "roll": -4.956578133219515,
        "pitch": -0.5151944968436416,
        "yaw": 0.5171282122987925
    }
}