{
    "position_mm": {
        "x": -4.39491416127151,
        "y": 45.74289524106038,
        "z": 291.24674743829576
    },
    "orientation_deg": {
        "roll": -4.615074478762162,
        "pitch": -0.12623558811554245,
        "yaw": 0.1266462062474857
    }
}